,created_date,tweets,sentiment
0,2018-08-22,Holding $ FB . moving up . showing bullish signals .,Neutral
1,2017-10-15,"RT @ letsinvestnow : $ BZUN Falling wedge breakout 50DMA support , Curling MACD increasing volume . Looks good",Positive
2,2017-10-15,RT @ pbrat40plus : $ BABA $ JD $ TCEHY & amp ; $ WUBA amongst # TechStocks Asia # Traders & amp ; # Investors Need Watch & gt ; & gt ; & gt ; & gt ;,Neutral
3,2017-09-27,RT @ GodlessTrading : $ KEM added & amp ; P 600 Small Cap,Negative
4,2017-08-23,RT @ LibsNoFun : Democrat Party go . # RootOutRacism,Neutral
5,2017-08-23,RT @ LibsNoFun : Thank goodness someone high standards # RootOutRacism,Positive
6,2017-08-19,5 Stocks BUY AUGUST 2017 | Top 5 Stocks,Positive
7,2016-11-10,`` America Elects Bigot '' `` America Elects Bigot '',Neutral
8,2016-11-10,RT @ belleartiste : Thank Trump # ThankObamaIn4Words,Neutral
9,2016-11-09,RT @ stockroads : # ElectionNight,Neutral
10,2016-11-06,RT @ Comfynumb15 : # CNNSOTU # SundayMorning 's great story wo n't hear @ CNN # CorruptMedia,Positive
11,2016-11-05,RT @ 1MrsOpinionated : `` Clinton Rebounds '' sad society ! 's broken ! amazes people ignore ! # NeverHillary MY‚Ä¶,Negative
12,2016-11-04,RT @ glennbeck : Conservative Darryl Glenn Relentlessly Pursues US Senate Seat Colorado,Neutral
13,2016-11-03,RT @ Jesus2Come : @ KevinBarryCBS2 @ timkaine THINK DANNA BRAZILE GET PEOPLE THAT. # ImWithTur,Neutral
14,2016-11-02,"RT @ SumOfChoices : Democrats - know Destruction , Destroying Things , Paying People Incite Violence & amp ; Destroy‚Ä¶",Negative
15,2016-11-02,RT @ murphycharlie78 : Vote Trump MAGA . Huge crowd Miami today üá∫üá∏üá∫üá∏üá∫üá∏,Positive
16,2016-11-02,RT @ marietweetss : # TrumpFBIcodeName # CrookedHillary # NeverHillary # ClintonFoundation # WikiLeaks # PodestaEmails # Veritas # VoteForChange # Tru‚Ä¶,Neutral
17,2016-11-01,RT @ ShillForHillary : # FBISongs Breakin Law,Neutral
18,2016-11-01,RT @ AndrewKenniston : # VoteSmart # MakeAmericaGreatAgain # HillaryForPrison,Neutral
19,2016-11-01,`` Investigating Donald Trump '',Neutral
20,2016-10-31,# hillaryforprison Peter Thiel FULL Speech Supporting Trump National Press Club - Octobe ...,Positive
21,2016-10-31,RT @ Stevenwhirsch99 : fired . prison # Hillary . # HillaryForPrision # LockHerUp,Neutral
22,2016-10-31,Drain Swamp # TrumpPence16 # hillaryforprision,Neutral
23,2016-10-31,RT @ elijemma : # StrongerTogether # HillaryForPrision,Neutral
24,2016-10-31,"RT @ Rayz2cents : Happy Halloween Hillary , Weiners & amp ; Clinton Inc. # HillaryForPrision # TrumpTrain # Trump # MAGA",Positive
25,2016-10-31,"RT @ TheRealPest : Twitter censors correct spelling people using # HillaryForPrision , libs n't understand trends a‚Ä¶",Neutral
26,2016-10-28,Nixon choirboy compared evil Hillary `` James Comey '',Negative
27,2016-10-28,"RT @ ScottPresler : October Surprise 've waiting . November Surprise Hillary 's `` lost '' 33,000 emails . # FBI‚Ä¶",Neutral
28,2016-10-28,`` James Comey '' FBI take new ‚Äò investigative steps ‚Äô Clinton emails,Positive
29,2016-10-28,RT @ DiCristo13 : @ SebGorka strategist . Twitter putting up # NationalChocolateDay make # FBI reopening Clinton investigation‚Ä¶,Neutral
30,2016-10-28,`` James Comey '',Neutral
31,2016-10-28,Liberals still shock ... .They post meds kick ... LOL ... ... ... `` James Comey '',Positive
32,2016-10-26,"Probiotics Benefits , Foods Supplements",Neutral
33,2016-10-20,RT @ SafariWoman : # SuchANastyWoman # debatenight # NeverHillary # CrookedHillary # HillaryForPrison,Neutral
34,2016-10-17,Want Make Money ? Understand Money Works ! 's Complete Guide .,Positive
35,2016-10-14,"RT @ DodgerBlue1958 : Jansen strikes out Rendon 21st pitch inning . # Dodgers take 4-3 lead eighth . Breathe , everyone.‚Ä¶",Neutral
36,2016-09-24,"RT @ _Makada_ : Another shooting gun free zone , time Burlington , WA . Murderers love gun free zones ! # CascadeMall",Positive
37,2016-09-18,# chelseanyc,Neutral
38,2016-09-18,,Neutral
39,2016-09-18,RT @ AmericanVoterUS : Patriotic democrats coming HOME ! Americans welcome # TrumpTrain @ realDonaldTrump # ChelseaNYC htt‚Ä¶,Positive
40,2016-09-18,RT @ TwitchyTeam : BAM ! one tweet Ben Shapiro # ChelseaNYC DESTROYS Hillary-loving media,Neutral
41,2016-09-18,RT @ Denlewis01 : n't forget Obama wants 100000 unvetted Syrian refugees # ChelseaNYC,Positive
42,2016-09-18,RT @ creativewebgirl : Trump needs win let media know n't decide country 's fate . # ChelseaNYC,Positive
43,2016-07-23,RT @ SilERabbit : # DemsInPhilly Paid trolls desperately faking enthusiasm # ClintonKaine cover up # DNCLeak dooming .,Negative
44,2016-07-05,RT @ ABC : BREAKING : FBI recommend DOJ pursue charges Clinton email investigation : `` charges appropriate . '',Positive
45,2016-04-01,`` Never Fall '' - Cortt Chavis,Neutral
46,2016-03-28,9 Inflammatory Foods NEVER Eat 9 Foods REVERSE Damage,Neutral
47,2016-03-01,alphabet oils : frankincense,Neutral
48,2016-01-24,3-Step Process Use Land Great Real Estate Deals,Positive
49,2015-12-05,RT @ 2AFan : Party pics neighbor 's # MuslimApartment,Neutral
50,2015-12-04,RT @ Tombx7M : amazing left . # SyedFarook # SanBernadino # greta # oreillyfactor # wakeupAmerica,Positive
51,2015-11-29,New Tax Change Could Save Thousands Real Estate Investors !,Positive
52,2015-09-12,@ CuckoldandBBC,Neutral
53,2015-08-04,minorities surprised ... WHITE LIBERALS ... Think ! ! !,Positive
54,2015-08-02,RT @ Franco17Gio : girl got KO 34 seconds ! ! ! ! ! ! ! ! # UFC190 # RondaRousey ( Vine @ BrittanyHeld ),Neutral
55,2015-07-12,"Isa.59.19 ... .When enemy shall come like flood , Spirit Lord shall lift up standard . 's faithful.. ! ! !",Neutral
56,2015-03-07,Rend Collective - Build Kingdom OFFICIAL : http : //t.co/6huaRVWjxS via @ YouTube,Neutral
57,2015-02-25,Understanding Endtime Irvin Baxter : http : //t.co/FC04kMKZUB via @ YouTube,Neutral
58,2014-02-25,"RT @ FlexOniHub : Hello cj , Grab BGNN FFFC HPNN Late ! $ FFFC $ BGNN $ HPNN http : //t.co/hnooIJDD6u",Negative
59,2013-12-19,"RT @ lexii3marie : anyone problem Phil Robertson said , problem God . 1 Corinthians 7:9-11",Neutral
60,2013-12-19,RT @ 71310_ : # BoycottAE # IStandWithPhilRobertson # IStandWithPhil # philrobertson # DuckDyansty,Neutral
61,2013-12-01,Daily Watchlist http : //t.co/cYti1TI2Gl,Neutral
62,2013-08-29,"RT @ rnmenterprises : $ ACYD newly formed company continue operations Wialan Technologies , LLC continue traded as‚Ä¶",Positive
63,2013-07-13,RT @ originalnewt : $ PMCM Holding Strong Gapper Monday ! ! ! Copper Town Easy ! ! ! Daily http : //t.co/UMxVzxmCtD $ PMCM http : //t.co/HRyagRxKT0,Positive
64,2013-06-28,"$ ACYD American Community Development Group , Inc. ( $ ACYD ) : NEWS OUT : http : //t.co/1F3LYaEQNO",Neutral
65,2013-06-28,RT @ RadioSilentplay : $ ACYD .0017 Golden cross coming news http : //t.co/os6YfYbfgl,Positive
66,2013-06-26,"RT @ BVFinancials : $ ACYD American Community Development Group , Inc. Shareholders Approve Corporate Ac.. http : //t.co/S2T1VcA825",Neutral
67,2013-06-16,RT @ Rippinstocks : Billionaire Boys Club Member Forum ( BBCMF ) : $ NHYT go monster http : //t.co/Mrzpf0KQKt,Neutral
68,2013-06-16,"RT @ Blackopstocks : BOS~Board ChubbyChaser : $ ACYD looking good bro , Volume coming ! http : //t.co/HSmxl2aUXt",Positive
69,2013-06-16,RT @ BKMUCTrader : MOMO 'S BREAKOUT BOARD : $ ACYD .0018 nhod .002 break next http : //t.co/XjpXkO90zV,Neutral
70,2013-06-07,"RT @ OTCStockPicks1 : goose44 : $ ACYD .0009 , run started , looking http : //t.co/mbtzk56JTM",Neutral
71,2013-06-04,RT @ WallStreetPenni : john_djr : $ VIDA bust again.. expecting news ... easy http : //t.co/sXZIrVUvuu,Positive
72,2013-06-02,RT @ RadioSilentplay : $ TCPS $ VIDA $ FFFC $ GOSY RSP trading team traded stocks actual dates charts mentioned http : //t.co/Ghb‚Ä¶,Neutral
73,2013-05-24,RT @ i_like_bb_stock : $ VIDA ut 006s up,Neutral
74,2013-05-14,RT @ InvestorEnergy : i_like_bb_stock : $ VIDA HOD chart says move coming : i_like_bb_stock http : //t.co/sssj4ZfRjB,Neutral
75,2013-05-11,RT @ WallStreetPenni : BLULLISH : $ VIDA update ! Insiders bought & amp ; over 60 % http : //t.co/3OwDRx5AKQ,Neutral
76,2013-04-27,RT @ WallStreetPenni : BKMUC : $ ACYD - absolute breakout mode ! ! ! http : //t.co/BJl1bWxkWo,Positive
77,2013-04-08,"RT @ aaaamhim : $ ACYD lunch over , let 's get show road , L2 .001 nothing 2 's LOOK !",Neutral
78,2013-03-15,RT @ OTCStockPicks1 : jmoney13 : $ IDVC HIGH ALERT $ http : //t.co/q1dOceTpqC,Positive
79,2012-11-24,# ThingsThatUpsetObamaVoters 57 States ... Wuz up ! ! !,Neutral
80,2012-11-24,@ fetuaocandace LoL ... Lost election three ... jk ... : ),Positive
81,2012-11-24,@ RadicalMeow u mean fun ... LOL,Positive
82,2012-11-24,# ThingsThatUpsetObamaVoters Anything Work ... : ) ) ),Positive
83,2012-11-24,"# ThingsThatUpsetObamaVoters ... would say lines ObamaClaus supporters Love lines ! ! ! CheeseLines , Free Phone , Gas & amp ; Welfare lines ! !",Positive
84,2012-11-24,# ThingsThatUpsetObamaVoters ... .U.S Constitution ... .Wuz Up ! ! !,Neutral
85,2012-11-24,# ThingsThatUpsetObamaVoters ... .My Pay Check ... .Wuz Up ! ! !,Neutral
86,2012-11-24,# ThingsThatUpsetObamaVoters Paying Cell Phone ... LOL,Positive
87,2012-11-24,# ThingsThatUpsetObamaVoters Anyone making over Minimum Wage ! ! !,Neutral
88,2012-11-24,@ fetuaocandace speak mind ... n't chicken ... LOL,Positive
89,2012-11-24,# ThingsThatUpsetObamaVoters ... Cell Phone Bill ... ... : ) ) ),Positive
90,2012-11-24,# ThingsThatUpsetObamaVoters ... Job Application : ) ) ) ),Positive
91,2012-11-22,RT @ MarkSimoneNY : Wishing everyone happy holiday - may Thanksgiving dinner less awkward Petraeus 's !,Negative
92,2012-11-16,RT @ scrowder : Certainly 're Palestine . Intolerance ahoy ! RT @ clayfullick : # HamasBumperStickers Im gay ! 'm dead @ scrowder http : ...,Positive
93,2012-11-09,RT @ dhrxsol1234 : OMG ... ! Military happy PrezBO 's win ... http : //t.co/hvqmSNoI # tcot,Positive
94,2012-11-09,RT @ Estrella_Muak : $ IDVC @ .0015 !,Neutral
95,2012-11-07,RT @ StefanoSpeaks : Gosh feel bad @ BarackObama inheriting mess .,Negative
96,2012-11-07,"RT @ DickMorrisTweet : # election2012 really could win Fla , Ohio , NC , Va , Col win ellection",Positive
97,2012-11-07,RT @ DanMudd : PA coal miners voted # obama . Talk cutting throat . idiots . # tcot # p2,Negative
98,2012-11-07,RT @ scrowder : Detroit Cleveland : WORST CITIES COUNTRY ENTIRELY LEFTIST POLITICIANS ! # election2012,Negative
99,2012-11-05,RT @ BreitbartNews : Obama 's Closing Argument : Save America 's Evil Past -- Future : one day left befor ... h ...,Negative
100,2012-11-05,RT @ NObamaChat : truly movement . Twitter exploding support Romney . Exploding ! positivism contagious . May ...,Neutral
101,2012-11-04,RT @ SmallgGay : Four days FEMA get New Orleans ? Racism . Bush must go . Six days FEMA get Staten Island ? must pat ...,Positive
102,2012-11-04,"RT @ benshapiro : FWIW , prediction : 311 electoral votes Mitt , including IA , PA , OH , FL , VA , NC , CO .",Neutral
103,2012-11-04,RT @ SpreadButter : NBC PHONE : ( 212 ) 664-3720 ABC PHONE : ( 212 ) 456-7777 CBS PHONE : ( 212 ) 975-3247 CALL & amp ; DEMAND COVER # BENGHAZI ...,Negative
104,2012-11-04,"RT @ jjauthor : `` lose freedom , place escape . last stand Earth . '' Ronald Reagan",Neutral
105,2012-11-04,jim cramer ... clown ... ppl listen beyond ! ! !,Neutral
106,2012-11-04,Revenge Love Country : http : //t.co/upclo7bA via @ youtube,Positive
107,2012-11-04,"RT @ BreitbartNews : Iran Votes Obama , Announces 'Suspension ' 20 % Uranium Enrichment : obvious attempt keep President ... h ...",Neutral
108,2012-11-04,"RT @ SideshowJon36 : # SaySomethingNiceAboutObama n't eaten Bo . Wait , last time saw Bo ?",Neutral
109,2012-11-04,"# SaySomethingNiceAboutObama , , , found out Madonna could fit name granny panties",Positive
110,2012-11-04,# SaySomethingNiceAboutObama sent DRIZZLE Down Chris Mathews Pant Legs,Negative
111,2012-11-04,"# SaySomethingNiceAboutObama 's going create 16,000 pencil ready jobs . Called I.R.S Agents . 's `` Hope Change ''",Positive
112,2012-11-04,"RT @ TellyStern : # SaySomethingNiceAboutObama raise dead , election night .",Negative
113,2012-11-04,RT @ paulojohncastro : # SaySomethingNiceAboutObama golf game significantly improved over past 4 years .,Negative
114,2012-11-04,"Photos Romney Mega-Rally West Chester , Ohio http : //t.co/rANRtphr via @ sharethis",Neutral
115,2012-11-04,Navy SEAL PAC Demands Criminal Investigation WH Benghazi http : //t.co/1hPFyj4t via @ BreitbartNews,Negative
116,2012-11-04,@ Sassy_Gator_Gal Hang things get better . family business experiencing thing .,Positive
117,2012-11-04,"RT @ ElizabethYate11 : : Gallup Poll ‚Äì Romney 52-47 Over Obama ‚Äì ‚Äú Numbers Correct , Over . Over. ‚Äù ‚Äì Bob Beckel http ...",Neutral
118,2012-11-04,RT @ Capegirl51 : Mitt Romney tonight `` need limit government dreams Americans . '',Neutral
119,2012-11-04,"RT @ DottieBailey1 : PLEASE RT ! ! ! Due nation wide voting machine problems , plz vote old school ( paper way ) tell friends ...",Negative
120,2012-11-03,"Go Team # RomneyRyan2012 , Big `` V '' Tuesday ... Obama campaign IMPLODING awhile .",Neutral
121,2012-11-03,@ jenna_pretzel ... LOL,Positive
122,2012-11-03,"RT @ sparkygreg : @ GreenCousin EXTREME MEASURES @ PsExpress Change sheets , change policy disinfect office # RomneyRyan2012 ...",Negative
123,2012-11-03,RT @ InGodIDoTrust : n't forget http : //t.co/6fwdUeBk,Neutral
124,2012-11-03,RT @ scrowder : ... Leftists MSNBC accuse FoxNews bias . http : //t.co/5tcE5ehe,Neutral
125,2012-11-03,@ BreitbartNews Obama sounding like old pastor Jeremiah Wright . 's nasty spirit . Obama campaign imploding .,Negative
126,2012-11-03,Obama campaign imploding ! ! ! http : //t.co/gDxrFjhi via @ DCExaminer,Neutral
127,2012-11-03,"RT @ wisdomforwomen : new timeline : Obama loses Tues , impeached Wed , convicted Thurs imprisoned Fri. # Benghazi",Negative
128,2012-11-03,"RT @ horseshowprob : `` Romney wins , 'll buy new horse . Obama wins , 'll get part-time job '' - daddy # voteforromney",Positive
129,2012-11-02,RT @ a_ryan88 : `` 're going 80 mph towards brick wall . world would vote 'Forward ' ? '' # Jindal # RomneyOhioMegaRally,Neutral
130,2012-11-02,RT @ philipd1979 : # INDEPENDENCE DAY 4 DAYS AWAY ! LET 'S DEFEAT # OBAMA ! # OH # PA # WI # CO # MI,Neutral
131,2012-11-02,"RT @ BreitbartNews : Big Mo : Ryan Minnesota Sunday : morning , Romney campaign announced Paul Ryan would go Minneso ... h ...",Neutral
132,2012-11-02,"RT @ jjauthor : love Christmas lights . remind Obama voters.They hang together ; half n't work ; ones , ...",Positive
133,2012-11-02,RT @ BossHoggUSMC : Obama back Nevada seek votes [ strongest supporters eat out dumpsters ] http : //t.co/HMYM4XKf via @ e ...,Neutral
134,2012-11-01,`` Benghazi Drip-Drip-Drip '' wo n't allow Obama get away Benghazi . Americans deserve want truth ! ! !,Neutral
135,2012-11-01,@ benshapiro hey Ben listen u every morning . Keep up good work ! ! !,Positive
136,2012-11-01,@ JMuhmmed Cool Bio,Positive
137,2012-11-01,"# ObamaCabinetPositions Secretary `` Free Obama Phones '' Compliments American tax payers , Suckers ! ! ! : ) ) )",Positive
138,2012-11-01,# ObamaCabinetPositions ... .Secretary Hair plugs Biden,Neutral
139,2012-11-01,# ObamaCabinetPositions Czar `` n't build '' ... .I want position ... . : ) ) ),Positive
140,2012-11-01,@ veracity81 Bio great ... laughing ... lol,Positive
141,2012-11-01,RT @ BreitbartNews : Tolerance : Libtalker Tells Gay Romney Supporter Commit Suicide : http : //t.co/N0NAVBYG,Positive
142,2012-11-01,"RT @ BreitbartNews : Polls Show Romney Up OH , IA , CO -- Tied WI , NH : race , friends , Obama ... h ...",Neutral
143,2012-11-01,RT @ Obama_Clock : Facebook admits error censoring anti-Obama message ( ‚Äú Obama called SEALs got bin Laden ... ‚Äù ) http : //t.co ...,Neutral
144,2012-11-01,Obama close MISSION ! ! ! Currently reading UPDATE 3-U.S. Gov't Poised Hit Debt Limit 2013 http : //t.co/4xDECka2,Neutral
145,2012-11-01,RT @ badluthifer : @ ABC @ CBS @ CNN @ NBC @ PBS total dereliction duty reporting Obama cover-up # Benghazi # 7HoursOfHell # Tyr ...,Neutral
146,2012-11-01,Exclusive : Classified cable warned consulate could n't withstand 'coordinated attack ' | Fox News http : //t.co/04J1JUYG via @ foxnewspolitics,Neutral
147,2012-10-31,RT @ slmiller222 : Rasmussen : Swing states Romney 50 % Obama 47 % Ohio Romney 58 % Obama 48 % . Obama couple days left momentum . Lo ...,Neutral
148,2012-10-31,RT @ HarrietBaldwin : GALLUP : Romney Up 52-45 % Among Early Voters http : //t.co/8Ro2xN78 via @ BreitbartNews,Positive
149,2012-10-31,RT @ JennJacques : Jay Leno hitting Obama harder Benghazi lapdog media # tcot # Benghazi http : //t.co/D4TzZs5L,Negative
150,2012-10-31,"RT @ Jacquie0415 : Hooray Photo Ops ! Obama releases Situation Room photo Sandy , hides pics emails # Benghazi http : //t.co/ ...",Neutral
151,2012-10-31,RT @ ThomasSowell : `` Ronald Reagan vision America . Barack Obama vision Barack Obama . '',Neutral
152,2012-10-31,RT @ DanAndros : releases # Sandy sit room pic . Still waiting release Benghazi situation rm pic # gutlesscall http : //t.co/G ...,Neutral
153,2012-10-31,"RT @ PeggyMercer : Polls like Gallup Rasmussen show ROMNEY winning , electorate over 300 -- GOOD MAN America one says . Vot ...",Positive
154,2012-10-31,RT @ dennygirltwo : `` @ ConsrvativeDiva : PLEASE RETWEET~~ & gt ; Hasgtag alert ... use # 7hoursofhell # benghazi . Twitter allowing benghazi ...,Neutral
155,2012-10-31,"@ infidel33 nice , thumbs-up ! ! !",Positive
156,2012-10-31,"RT @ BreitbartNews : Bloomberg Obama : Stay Out NYC : President Obama busy bee last two days , spending huge swat ... h ...",Positive
157,2012-10-31,"RT @ Sagesavant : reactions liberal media talking heads , Obama SERIOUS POLITICAL DEATH SPIRAL , coming ...",Negative
158,2012-10-31,RT @ LakersNation : Miami fans newbies . n't know . RT @ ShyneIV : MVP chants 1st quarter opening night ... .really ?,Neutral
159,2012-10-31,@ Keep_It_Real_1 n't worry Kobe Lakers next year ... : ),Positive
160,2012-10-30,http : //t.co/nFCBhvaD,Neutral
161,2012-10-30,"RT @ DickMorrisTweet : Sandy Libya situation freezing action giving Romney significant boost , new story c ...",Positive
162,2012-10-30,RT @ drafter75 : Early voters prefer # RomneyRyan2012 http : //t.co/QCnBUEfB,Positive
163,2012-10-30,RT @ DickMorrisTweet : Obama begun call Romney flip flopper . President introduces new negative 8 days electio ...,Negative
164,2012-10-30,@ Keep_It_Real_1 LOL ... .Too funny ! ! !,Positive
165,2012-10-30,RT @ LakersNation : over five hours Lakers season begins . Get popcorn ready .,Positive
166,2012-10-30,@ rachelmooney watched 2016 . D'Souza excellent job describing Obama . Let 's hope country recover form 4 years Obama .,Positive
167,2012-10-30,@ iamBryttaknee LOL ... ppl waking up,Positive
168,2012-10-30,RT @ BreitbartNews : SEAL 's Dad : White House Son 's Blood Hands : http : //t.co/6NHpFtgE,Neutral
169,2012-10-30,Obama support imploding ! ! ! Whedon Romney : http : //t.co/M6kjgITy via @ youtube,Neutral
170,2012-10-30,RT @ landrews1968 : NewsBusted 10/30/12 : http : //t.co/G0M5B6wx,Neutral
171,2012-10-30,RT @ dennygirltwo : HOLY COW ! ! ! ! ! GREAT JOB AMERICA ! ! ! THANK PRESIDENT ROMNEY ! ! Gallup Increases Romney 's Lead 51-46 % - http : //t.co ...,Positive
172,2012-10-30,"RT @ _The_Wild_One : Hurricane getting worse worse , yet , soldiers still continue guard tomb unknown solider . http : / ...",Negative
173,2012-10-30,"RT @ BreitbartNews : **GALLUP SHOCK** Romney Up 52-45 % Among Early Voters : early , campaign started earnest , li ... h ...",Positive
174,2012-10-30,@ _tappwater 's crazy ... LOL,Positive
175,2012-10-30,RT @ Chan_on_the_Ave : Latest Rasmussen Polls Project Romney Win 279+ Electoral Votes http : //t.co/LA71RRq5 via @ BreitbartNews,Positive
176,2012-10-29,RT @ AnnCoulter : Experts say Sandy probaby wo n't damage economy . least Obama already .,Negative
177,2012-10-29,Obama leading behind Ohio ... LOL Election 2012 : Ohio President - Rasmussen http : //t.co/IuhzV2yV via @ sharethis,Positive
178,2012-10-29,Obama getting away Benghazi ! ! ! Benghazi scandal demands answers http : //t.co/YlLTaPlw,Neutral
179,2012-10-29,RT @ DRUDGE_REPORT : OH : O49 % R 49 % ... http : //t.co/QDd2IOdU,Neutral
180,2012-10-29,"RT @ DRUDGE_REPORT : Obama ad uses children sing Romney let people 'just die , ' kill polar bears , oil fill seas ... http : //t.co/ ...",Negative
181,2012-10-29,"@ BossHoggUSMC Children ‚Äò future ‚Äô blame ‚Äò Mom Dad ‚Äô electing Mitt Romney , sing Romney ‚Äò die ‚Äô http : //t.co/vaBbcri2",Neutral
182,2012-10-29,"Children ‚Äò future ‚Äô blame ‚Äò Mom Dad ‚Äô electing Mitt Romney , sing Romney letting sick people ‚Äò die ‚Äô http : //t.co/Wh8K7wcY",Negative
183,2012-10-29,RT @ marlyhall : Everyone needs watch 2016 : Obama 's America . 's Redbox . excuses .,Neutral
184,2012-10-28,RT @ AMERICA4GOD : Romney Using Campaign Resources Storm Relief Efforts : Already President # EmptySuit # Obama # Bengahzi ...,Neutral
185,2012-10-28,"RT @ BreitbartNews : Firewall Collapse : Obama Up 3 Minnesota , 50 % : last time Minnesota cast electoral votes ... h ...",Neutral
186,2012-10-28,"RT @ Dinkiedow : 90 % Abortions Black Children ! Democrats Voted Equal Rights , Republicans ! WV Sen Byrd KKK Supreme Le ...",Negative
187,2012-10-28,RT @ Dinkiedow : 'm Calling Fellow Marines Speak Out Benghazi.These Men Deserve Story Heroism Shine Over Obam ...,Neutral
188,2012-10-28,"RT @ ElectMittRomney : Obama 's approval collapses Gallup , Romney expanding map moving Minnesota Obama lead shrinks ...",Neutral
189,2012-10-28,"RT @ joelpollak : Ohio Newspapers ' Poll : Race Tied 49 , Romney Erases 5-Point Obama Lead http : //t.co/PTKiiDCD via @ BreitbartNews",Neutral
190,2012-10-28,RT @ gretawire : Obama Administration want see : many security cameras Benghazi US Cons ... http : ...,Positive
191,2012-10-28,"@ rachelmooney n't seen yet , one 's Red Box rented . Monday sure .",Positive
192,2012-10-28,RT @ landrews1968 : Gallup : Obama 's Job Approval Drops 7 Points 3 Days | http : //t.co/9yZEejKZ http : //t.co/A5BpYwLj via @ sharethis,Neutral
193,2012-10-28,RT @ BreitbartNews : Obama Twice Refuses Answer Whether WH Denied Benghazi Requests Help : President Barack Obama twice refused ... h ...,Neutral
194,2012-10-28,RT @ PaulRyanVP : . @ BarackObama ‚Äô policies ensure debt crisis . @ Mitt Romney going tackle problem tackles us . ...,Neutral
195,2012-10-28,"RT @ JennJacques : Obama called SEALS got Bin Laden . SEALS called Obama , got ignored . Let 's ignore ...",Neutral
196,2012-10-27,RT @ Sarah_home : Gallup : Obama 's Job Approval Drops 7 Points 3 Days | http : //t.co/U513jtHE http : //t.co/b7ANVwxC,Neutral
197,2012-10-27,"RT @ corrcomm : BOOM ! Go Mitt ! RT @ alcivar Rasmussen Swing State Poll : Romney 51 % , Obama 45 % http : //t.co/ihK3C9iB ‚Ä¶",Neutral
198,2012-10-27,RT @ FoxNews : Obama avoids question whether Americans # Libya denied requests help http : //t.co/MG38DcI7,Neutral
199,2012-10-27,RT @ StillTrucking : Obama : Murderer ... ..Coward ... ... Liar ... ... MSM news media ... ... Ditto,Neutral
200,2012-10-27,"RT @ CharlieDaniels : Obama , somebody got take blame happened Libya . owe much memory Tyrone Woods ...",Positive
201,2012-10-27,RT @ tcottruth : Obama still lying ; Knew Within Minutes & gt ; 2 rescue teams planes ready go ! http : //t.co/jIfrKN8 ...,Positive
202,2012-10-27,RT @ NObamaChat : # Benghazi blowing up Twitter . . Good Americans close rage . . Hold Obama accountable . ...,Positive
203,2012-10-27,"RT @ ROCKWITHBECK : - TYRONE WOODS 'SON ' . would also , not'PLAY NICE ' 'OBAMA ' -- would want know - HELL -- ...",Positive
204,2012-10-27,RT @ 05255969 : # TWEEPS TRUE ! LET 'S MAKE TWEET GO VIRAL ! OBAMA COWARD . NEEDS IMPEACHED ASAP ! ! ! http : //t.co/ ...,Positive
205,2012-10-27,RT @ mlkahnke : @ CBSnews @ ABCnews @ NBC @ MSNBC busy washing blood off Obama 's hands cover # standdown order # Benghazi ! htt ...,Positive
206,2012-10-27,"RT @ michaelbeatty3 : Obama would leave military die # BENGHAZI , would us civilians ? n't taken ...",Negative
207,2012-10-27,@ selenajeanette u think ?,Neutral
208,2012-10-27,RT @ Stephe96 : 11 days election Obama father fallen Navy SEAL national TV calling `` murderer . '' 's ...,Neutral
209,2012-10-27,Obama needs exposed ! ! ! Father Slain SEAL : Made Decision Save Son ? http : //t.co/GSQWOs3J via @ sharethis,Neutral
210,2012-10-26,RT @ michellemalkin : == & gt ; MT @ TwitchyTeam : # StandDown : Twitterers slam Obama Admin denying help CIA operators Benghazi http : / ...,Negative
211,2012-10-26,RT @ johnmatthew19 : Tyrone Woods= HERO.Glen Doherty= HERO . Chris Stevens=HERO.Sean Smith=HERO . # Obama=TRAITOR @ ABC @ NBC @ CBS @ CNN=TRAITOR ...,Neutral
212,2012-10-26,"RT @ midlifechick : ABC News Phone : 212-456-7777 Call demand # benghazi coverage , cover-up . # WethePeople",Neutral
213,2012-10-26,"RT @ robeeenz : Tyrone Woods trending , . true American hero . # Benghazi",Positive
214,2012-10-26,RT @ robdelaney : Disappointed Obama n't halt global warming ? definitely punish giving Paul Ryan keys ...,Negative
215,2012-10-26,@ J_Cr0use LOL.. : ),Positive
216,2012-10-26,RT @ kimberlee713 : RT -- -- -- & gt ; VK @ vickikellar IMPEACH OBAMA . Keep going ! RT tweet ! remove office !,Neutral
217,2012-10-26,RT @ founding_ideals : # Benghazi Ambassador Stevens pleaded extra security Libya hours killed . lies unearthed ht ...,Negative
218,2012-10-26,@ robindavidson larger food stamp programs ... : ),Positive
219,2012-10-26,@ Xoxo_Aley hope u guys qualifie food stamps over ... LOL,Positive
220,2012-10-26,RT @ PalateXposure : # MyFirstTime realizing Obama made Carter look fiscally conservative & amp ; Clinton morally sound,Positive
221,2012-10-26,@ FreeAmerica2013 lol ... funny true,Positive
222,2012-10-26,"# MyFirstTime Obama , idiot ‚Äô campaign starting implode‚Ä¶.fantastic ! ! !",Negative
223,2012-10-25,RT @ marklevinshow : Eric Billing : Obama killing middle class ... http : //t.co/sAiCn06X,Neutral
224,2012-10-25,RT @ johnpalomino : Obama going keep Benghazi lies under wraps till election . press willing ...,Positive
225,2012-10-25,"RT @ EPIC_Ellis : Barack Obama worst president ? Fox News , quiet , HOOVERVILLES , BUSH ECONOMY , SLAVERY ! ur jus ...",Negative
226,2012-10-25,Obama Nov ... Awesome ! ! ! http : //t.co/MSJgwlwT,Positive
227,2012-10-25,"@ ThugLifeRhymes bad , u said u watching 2016",Negative
228,2012-10-25,"@ HelenHind ... ok , u say .",Positive
229,2012-10-25,obama ... Obama like . one man DEMOLITION TEAM comes destroying U.S.A,Negative
230,2012-10-25,"@ megdeitz Thx , u keep commie",Neutral
231,2012-10-25,RT @ Kimber_Trent : @ michellemalkin @ zmanaz Wow..the left class ... ppl stand obama clinically insane .,Negative
232,2012-10-25,@ ThugLifeRhymes ... u think ? n't wen ye .,Neutral
233,2012-10-24,Obama Lie -- : White House Received Claims Terrorist Role Two Hours Benghazi Attack http : //t.co/hsuZNH7d via @ BreitbartNews,Neutral
234,2012-10-24,RT @ ReppSteve : # Benghazi @ cnnbrk @ AC360 OBAMA/White House CLEARLY committed IMPEACHABLE acts Benghazi Cover-Up . Hillary RUINED Pr ...,Positive
235,2012-10-24,@ HelenHind.. cares .,Neutral
236,2012-10-24,RT @ BarCar565 : `` n't Build '' re-education clinic # ObamasFavoriteCharity,Neutral
237,2012-10-24,RT @ soderstrom : Michelle Obama Vacation Trust # ObamasFavoriteCharity,Neutral
238,2012-10-24,# ObamasFavoriteCharity ... Muslin BotherHood,Neutral
239,2012-10-24,Emails : White House Militant Claim Two Hours Libya Attack http : //t.co/a6rbtKbE via @ Newsmax_Media,Neutral
240,2012-10-24,RT @ JustenCharters : # ObamasFavoriteCharity Feed Freedloaders,Neutral
241,2012-10-24,RT @ ActuallyAmDolan : # ObamasFavoriteCharity Al Qaeda,Neutral
242,2012-10-24,RT @ streaker917 : # ObamasFavoriteCharity Mexican Rifle Association . # tcot # fastandfurious,Neutral
243,2012-10-24,RT @ obamaisnuts : # ObamasFavoriteCharity : young communist party,Positive
244,2012-10-24,RT @ richbisc : # obamasFavoriteCharity Iraq,Neutral
245,2012-10-24,RT @ BDayspring : President Obama `` outraged '' Mourdock 's comments terrorist attack & amp ; murder Ambassador watch `` ...,Negative
246,2012-10-24,RT @ Reaganista : REPORT : Obama Administration prepared release convicted terrorists -- election : http : //t.co/sOrsMT33 ( cc ...,Neutral
247,2012-10-24,RT @ Michelle_Moore : Obama keep talking spending saved war dollars education borrowed money ? http : ...,Neutral
248,2012-10-24,RT @ newsbusters : Leno : Obama Halloween Masks Out-Selling Romney 's ‚Äì ‚Äò 's Scarier Four Years Economy ? ‚Äô http : //t.co/V ...,Neutral
249,2012-10-24,"RT @ LindaSuhler : Breaking : Obama Caught Arming Al Qaeda , Reason Benghazi Cover-Up http : //t.co/cstoRPD2 via @ patdollard gets wo ...",Neutral
250,2012-10-24,"RT @ ykant7 : media jobs , # Obama lie way out # Benghazi disaster . disgraceful Americans ...",Neutral
251,2012-10-24,Vote Obama out.. White House told militant claim two hours Libya attack : emails http : //t.co/86qgI9je via @ reuters,Neutral
252,2012-10-24,Vote Commie Obama out office ! ! ! Debates boost Romney favorables - Washington Times : http : //t.co/gcwW9O8Z via @ washtimes,Neutral
253,2012-10-23,Romney & amp ; # 8217 ; Brilliant Maneuver http : //t.co/xecMXNil via @ keithkoffler,Positive
254,2012-10-23,Blog : Michael Savage Back Radio Tonight http : //t.co/BD8V7NDv,Neutral
255,2012-10-23,"RT @ michellemalkin : Ok , enough . Watch : New vid w/Rep . Allen West NRCC `` America '' series.http : //t.co/wYr9JCiO",Positive
256,2012-10-23,RT @ America4Mitt : Please RT TRUST # Obama ! # HopeAndChange ! ! Let 's HOPE CHANGE PRESIDENT ! !,Neutral
257,2012-10-23,RT @ Theblacksphere : Up Drudge : - ) RASMUSSEN - R 50 % 46 % GALLUP - R 51 % 46 %,Positive
258,2012-10-23,"RT @ RasmussenPoll : National Daily Tracking : # Romney : 50 % , # Obama : 46 % ... http : //t.co/YaIPMoVo",Neutral
259,2012-10-22,Currently reading Gallup Poll : Romney Leads Obama 52-45 http : //t.co/oOXq2agv,Neutral
260,2012-10-21,"left wing PIGS LOVE ! ! ! Obama Chavez , Castro , Putin : Four years ! ( @ times247 ) http : //t.co/htZRUytj via @ sharethis",Positive
261,2012-10-21,RT @ Rockprincess818 : Iran called Obama - look want make deal Romney becomes President # tcot # p2,Neutral
262,2012-10-20,RT @ MittRomney : American people deserve better Barack Obama 's empty vision future . http : //t.co/GdUlOgLb,Positive
263,2012-10-20,RT @ Wane_kerr : ‚Äò Opportunity Send President Obama Back Chicago ‚Äî Kenya ‚Äô | Liberals Unite http : //t.co/YhKVW9Qx,Neutral
264,2012-10-20,RT @ DRUDGE_REPORT : Mother slain ex-SEAL : 'My son optimal - dead ' ... http : //t.co/8h4ibawt,Negative
265,2012-10-19,Barack Obama Benghazi attack : Mother diplomat criticises President 's 'optimal ' comment http : //t.co/9apLds4i via @ MailOnline,Neutral
266,2012-10-19,"RT @ Doc_0 : Guess , Obama ? 've got face Romney calling four American deaths `` optimal , '' Candy wo n't sa ...",Neutral
267,2012-10-19,"RT @ michellemalkin : 'Daily Show , ' Obama calls American deaths Libya 'not optimal ' ; 's 's # NotOptimal , says Twitter ...",Neutral
268,2012-10-19,"Barack Obama Benghazi : 'If four Americans get killed , 's OPTIMAL ' : Obama 's extraordinary ... http : //t.co/fxtoclI3 via @ MailOnline",Positive
269,2012-10-18,commie WH fine JOB ! ! ! Welfare spending jumps 32 % four years - Washington Times : http : //t.co/fz4gJrd1 via @ washtimes,Positive
270,2012-10-18,Romney ‚Äô Rust Belt Surge Threatens Obama ‚Äô Firewall | Fox News http : //t.co/NlYkaYL8 via @ foxnewspolitics,Neutral
271,2012-10-17,"Obama , Romney turn up tension second presidential debate | Fox News http : //t.co/msZelWbB via @ foxnewspolitics",Neutral
272,2012-10-15,"RT @ vmpcott : # Ohio Coal Miners Condemn Obama ‚Äô 'Absolute lies ' Sherrod Brown , http : //t.co/OVkjDLE5 @ BreitbartNews # tcot # ocra # ...",Positive
273,2012-10-12,RT @ thomgough : Debate Polls : NBC : Ryan 63 % Biden 31 % . CNBC : Ryan 56 % Biden 36 % . CNN : Ryan 48 % Biden 44 % . Danville : Ryan 56 % Biden 41 % . h ...,Neutral
274,2012-10-12,RT @ SamFeistCNN : BREAKING : CNN-ORC post-debate poll Registered Voters : 48 % said Ryan . 44 % said Biden . Sampling error : +-5 % . # ...,Neutral
275,2012-10-12,RT @ incognito1949 : GO VOTE RYAN CNBC POLL . DAMN DEMS VOTING . LETS SUPPORT RYAN . Poll : Think VP Debate ? ...,Neutral
276,2012-10-12,"RT @ CNBC : [ LATEST POLL RESULTS ] think VP Debate ? Paul Ryan : 53 % , Joe Biden : 41 % , Neither : 6 % . # CNBC2012",Negative
277,2012-10-12,Paul Ryan excellent closing argument ! ! !,Positive
278,2012-10-11,RT @ iowahawkblog : Right Paul Ryan going over CBO deficit projections . Right Joe Biden stuck tube slide McDonalds P ...,Positive
279,2012-10-07,RT @ fishofthecs : @ SNLUpdate Great SNL - Great show - Obama handed perfect material,Positive
280,2012-10-07,"RT @ PerryBlock : great week Mitt Romney : First Obama lousy debate , # BigBird bombs # SNL !",Positive
281,2012-10-07,RT @ KQK2 : http : //t.co/vXm2pwMz RT @ dglasscock : SNL destroying Obama right # yes Obama done,Positive
282,2012-10-07,RT @ Fishman5440 : SNL `` MSNBC '' Debate excuses almost hilarious Obama 's massive live failure original debate .,Positive
283,2012-09-07,"RT @ LukeLevine : 2008 DNC , Boy Scouts America r booed . 2012 DNC , God booed & amp ; voted down 3x 's . Make mistake , ppl N ...",Negative
284,2012-08-31,RT @ ConcordeTweets : BKMUC : $ ACYD huge EOD run ! ! ! Maybe 'll : BKMUC http : //t.co/kkwbEPEY,Positive
285,2012-07-31,,Neutral
286,2012-07-28,,Neutral
287,2012-07-15,NewsBusted 7/14/12 : http : //t.co/j86v9Pv6 via @ youtube,Neutral
288,2012-07-15,New World Order Anyone ? ( BOSS139 ) : http : //t.co/SyKYMWIe via @ youtube,Positive
289,2012-07-05,RT @ OTCStockPicks1 : Psionic Trader : $ ACYD up 15.4 % ... potentially next 10 bagger ! http : //t.co/e2rmAySr,Neutral
290,2012-07-01,NewsBusted 6/29/12 : http : //t.co/62BG1iUM via @ youtube,Neutral
291,2012-06-29,,Neutral
292,2012-06-29,Let 's play Words Friends . username 'Netcruza ' . http : //t.co/HaCGgOjL # GamesWithFriends,Neutral
293,2012-06-28,,Neutral
294,2012-06-28,RT @ haKUHNamatata1 : country headed towards socialism . scary . ObamaCare worst thing happened America.Its ...,Negative
295,2012-06-27,,Neutral
296,2012-06-27,RT @ SanDiegoSteve_1 : Excellent commentary Ted Nugent Obama pleading wedding gifts : http : //t.co/KEXWvLBR,Positive
297,2012-06-26,Let 's play Words Friends . username 'Netcruza ' . http : //t.co/HaCGgOjL # GamesWithFriends,Neutral
298,2012-06-24,Fast Furious Disgrace : http : //t.co/C4UFHv20 via @ youtube,Positive
299,2012-06-22,"American Community Development Group , Inc. ( $ ACYD ) : Wall Street Reporter , Inc . Interviews John Folger , http : //t.co/YYkEvNun",Neutral
300,2012-06-22,"Infrastructure Developments Corp ( IDVC ) : imo , idvc money train , $ $ $ $ $ $ $ $ $ $ $ $ $ $ $ $ $ $ $ http : //t.co/fdqDrtMv",Neutral
301,2012-06-22,"American Community Development Group , Inc. ( $ ACYD ) : MUST READ & amp ; gt ; & amp ; gt ; $ ACYD http : //t.co/3SAeJIZm",Neutral
302,2012-06-19,"American Community Development Group , Inc. ( ACYD ) : nice CC . Dilution . funding http : //t.co/1TWx69Df",Positive
303,2012-06-16,RT @ ManicMarketMan : 10 Bagger life43 : $ TTDZ breakout board . Next week : life43 http : //t.co/3nAPPgIq,Neutral
304,2012-06-16,NewsBusted 6/15/12 : http : //t.co/JLYVTB8h via @ youtube,Neutral
305,2012-06-15,RT @ Bruno_twitt : $ ACYD loading time next week run http : //t.co/IJIqGC7W,Neutral
306,2012-06-14,RT @ ClearLaura : BestBuyStockPicks Prodigy : $ ACYD wo n't under penny long . : Prodigy http : //t.co/HHseaows New Stock Pick,Positive
307,2012-06-14,RT @ chicagopenny : babuji : $ KMAG ... news out ... . $ : babuji http : //t.co/jvqtup3C,Neutral
308,2012-06-14,$ KMAG ... Running get pull back ... . Sweet ... : ),Positive
309,2012-06-14,$ acyd Monster run called yesterday ... Going Pennyland ! ! !,Neutral
310,2012-06-12,"$ acyd News , low float going take off. ! ! !",Neutral
311,2012-06-12,"Infrastructure Developments Corp ( $ IDVC ) : Infrastructure Developments Corp. Acquires Cleanfield Energy , Inc. http : //t.co/ucd92K1J",Neutral
312,2012-06-12,RT @ birdson777 : Go ! @ LA KINGS,Neutral
313,2012-06-07,$ IDVC 'm adding take off ... Go IDVC ! ! !,Neutral
314,2012-06-07,"American Community Development Group , Inc. ( $ ACYD ) : NEWS OUT : http : //investorshub.advfn.com/boards/read_msg.aspx ? message_id=76396171",Neutral
315,2012-06-06,$ idvc getting ready run ! ! !,Positive
316,2012-06-06,RT @ jimgeraghty : would like congratulate Wisconsin Gov . Scott Walker 2014 reelection victory secured tonight .,Neutral
317,2012-06-05,RT @ MarketstockAler : Gharet : $ CBIS running up news ! http : //t.co/2SFGDsER,Neutral
318,2012-06-05,,Neutral
319,2012-06-04,Take Bloomberg ! ! Mayor Bloomberg Plans Ban Large Sugary Drinks : http : //t.co/ngaMS07k via @ youtube,Positive
320,2012-06-04,NewsBusted 6/01/12 : http : //t.co/9K93Lyo6 via @ youtube,Neutral
321,2012-06-03,"RT @ ibobbitt : jobs report came out wk , + bad economic news , Obama went 6 fundraisers n 1 day , know prioriti ...",Negative
322,2012-06-02,Let 's play Words Friends . username 'Netcruza ' . http : //t.co/HaCGgOjL # GamesWithFriends ... . u hang ! ! ! play WIN ! ! !,Positive
323,2012-05-31,RT @ ConcordeTweets : elks : $ DNAD BREAK OUT COMING ... : elks http : //t.co/KQcPX2sv,Neutral
324,2012-05-25,$ ttdz added today . Gon na run Big .,Neutral
325,2012-05-25,RT @ cjstocksup : MOMO 'S BREAKOUT BOARD : $ TTDZ .0029 way oversold . Huge news ahead . Post http : //t.co/MzLaPHZh,Positive
326,2012-05-23,Economic Collapse Awareness Streets Huntington Beach : http : //t.co/8L4JdVCd via @ youtube,Positive
327,2012-05-22,NewsBusted 5/22/12 : http : //t.co/XjhJqMya via @ youtube,Neutral
328,2012-05-22,"Triton Distribution Systems , Inc. ( TTDZ ) : Bounced right off 50MA ! ! ! Next big move http : //t.co/sj0dGHNQ",Positive
329,2012-05-20,NewsBusted 5/18/12 : http : //t.co/eHfL1EHC via @ youtube,Neutral
330,2012-05-19,"kobe , clutch Line ... Go Lakers ! ! !",Neutral
331,2012-05-13,Go Lakers ! ! ! Kobe hits 3 point clutch ! ! !,Neutral
332,2012-05-03,$ FBC Holding Inc. ( $ FBCD ) : $ FBC Holdings Introduces Todd Wahnish Aarting Collection http : //t.co/obACJlOd,Neutral
333,2012-05-03,Atlas Technologies Group ( $ ATYG ) : Email Alert ! ! ! http : //t.co/tpu15UOv,Neutral
334,2012-05-02,"RT @ Benzztech : $ FBC Holding Inc. ( $ FBCD ) : NEW WEBSITE , CEO INTERVIEW , BUSINESS PLAN UPDATE http : //t.co/OHqC52R5",Positive
335,2012-04-30,lakers ... .. Go Lakers ! ! !,Neutral
336,2012-04-27,RT @ MediaForbes : BIGMONEYPLAYA : $ ATYG alot exposure next week ! ! ! : BIGMONEYPLAYA http : //t.co/ZaomLJHd,Neutral
337,2012-04-27,RT @ raidersofthelos : Bernija1 : $ ASYIE fire : Bernija1 http : //t.co/Vrq8aYdm,Neutral
338,2012-04-19,East Coast Diversified Corp ( $ ECDC ) : East Coast Diversified Announces Strong Revenue Growth 2012 http : //t.co/oD1ny0km,Positive
339,2012-04-16,RT @ ConcordeTweets : cjstocksup : $ ECDC 10K far better expected . Setting up : cjstocksup http : //t.co/FxMXEZJW,Positive
340,2012-04-16,East Coast Diversified Corp ( $ ECDC ) : $ ECDC big move coming today ! ! ! ! Gapping hard ! ! ! http : //t.co/nGGSOYVI,Negative
341,2012-04-16,RT @ cjstocksup : East Coast Diversified Corp ( $ ECDC ) : $ ECDC big move coming today ! ! ! ! Gapping hard ! ! ! http : //t.co/2apBOIuw,Negative
342,2012-04-15,East Coast Diversified Corp ( ECDC ) : Going Fun Ride Up past 0.04 ! ! ! ... ; - ) http : //t.co/DrMhFrOV,Positive
343,2012-04-15,East Coast Diversified Corp ( ECDC ) : Ecdc gon na test .01 week ! ! ! http : //t.co/h75Bgqup,Neutral
344,2012-04-15,"East Coast Diversified Corp ( ECDC ) : OH YA , CHART LOOKS GOOD http : //t.co/UTnhP0HA http : //t.co/CVfYGGdE",Positive
345,2012-04-13,$ SODA getting ready rock ! ! !,Positive
346,2012-04-13,RT @ cjstocksup : 10-Baggas Factory 10 : $ ECDC $ $ $ $ $ $ $ $ http : //t.co/fN5QKQ3u,Neutral
347,2012-04-13,RT @ kman3434 : $ SODA new high,Positive
348,2012-04-12,RT @ raidersofthelos : Ix Trojanman xI : $ DNAD getting started ! ! ! Go $ DNAD : Ix Trojanman xI http : //t.co/2GWv7BGu,Neutral
349,2012-04-12,RT @ AdolpheCash : cjstocksup : $ ECDC @ .0057 Twitter Ceo Board : cjstocksup http : //t.co/g1SgXdje,Neutral
350,2012-04-09,Bioflamex Corp ( BFLX ) : Operations launched http : //t.co/rB0Dd0cI,Neutral
351,2012-04-09,$ BFLX MOVE ! ! !,Neutral
352,2012-04-08,http : //t.co/ThsM4PsF,Neutral
353,2012-04-08,BB 's Stock : $ BFLX .034-Closes-Bridge-Financing-funded-this-coming-week . http : //t.co/ROYZI29Z,Neutral
354,2012-04-05,Bioflamex Corp ( $ BFLX ) : $ BFLX : Time gold old fashioned reversal . http : //t.co/mB0xs3j1,Positive
355,2012-03-30,"RT @ Freedomwarrior : Worse RT @ preciousliberty : Barack Obama uniter , community divider -Andrew Breitbart # icon # sg ...",Negative
356,2012-03-30,@ Lizardoid White liberal big mouth ... LOL,Positive
357,2012-03-28,http : //t.co/WM6jXs0k,Neutral
358,2012-03-28,http : //t.co/0Rhuqziu,Neutral
359,2012-03-28,Gold Coast Mining Corp. ( $ GDSM ) : $ GDSM perfect ladder http : //t.co/fbMSEM5v,Positive
360,2012-03-28,RT @ Cubed_Stocks : ospreyeye : $ GDSM closed 's ( 10 & 20 ) ... ... .should rally ... .. : ospreyeye http : //t.co/gKxBqXtr,Negative
361,2012-03-24,RT @ BEESFREEInc : Lethal : $ HBRM ! ! ! BIG TIME NEWS 2 WEEKS : Lethal http : //t.co/d0dKCMvF,Neutral
362,2012-03-24,"RT @ shall1432 : $ ASKE wants go , love chart , bottom . Could run minute http : //t.co/YfmWIcVg",Positive
363,2012-03-24,RT @ PurePennyProfit : $ ADHC .0012 X .0013 back up.. looking bullish heading next week .,Neutral
364,2012-03-23,"$ GEAR Gear International , Inc . Updates Business Outlook , Plans Acquisitions 2012 ... . http : //t.co/2OWq15Gy",Neutral
365,2012-03-23,"# GEAR ... GolfGear International , Inc. Increases Assets 2,730 % Decreases Outstanding Shares 87 %",Positive
366,2012-03-23,"GolfGear International , Inc. ( $ GEAR ) : $ GEAR ... Awesome News ! ! ! http : //t.co/7LI4FF6E",Positive
367,2012-03-22,RT @ ConcordeTweets : balamidas : $ HBRM 0.0023x0.0024 & gt ; & gt ; 200 BREAK~ : balamidas http : //t.co/VJ1ibrak,Neutral
368,2012-03-22,RT @ BEESFREEInc : balamidas : $ ADHC 0.0013~ : balamidas http : //t.co/2gJujQyd,Neutral
369,2012-03-21,"RT @ ConcordeTweets : budfoxhub : $ BFLX nice close today , ready run tomorrow ! : budfoxhub http : //t.co/vx8XEjzr",Positive
370,2012-03-21,"RT @ shall1432 : $ ASKE , watched , gem . low floater . fly soon . http : //t.co/YfmWIcVg",Positive
371,2012-03-20,Pimping Players Picks Club : $ SNDY Daily Chart ... .. .White Closing Marubozu ... . http : //t.co/M2awCXAf,Neutral
372,2012-03-19,RT @ Blackopstocks : BOS~Board ChubbyChaser : $ SNDY BEAST ! Chart showing much http : //t.co/S2tdeB69,Positive
373,2012-03-18,"RT @ Enagic : RT @ mirzagani : Kangen Water machine , best water right choice investment healthy life.. http : //t.co/ds ...",Positive
374,2012-03-18,RT @ Te_Pee_DoubleU : Pray everything . Fear nothing . prayer righteous person powerful effective . Good Night ! Sweet ...,Positive
375,2012-03-17,RT @ ConcordeTweets : ppattishal : $ SNDY ! ! ! Gon na monster week next week.. : ppattishal http : //t.co/7Gro7Pwk,Neutral
376,2012-03-13,RT @ RayTownsend2 : BB 's Stock invest1017 : $ ASYI Next penny runner . http : //t.co/oq0AP2CN,Neutral
377,2012-03-13,RT @ AdolpheCash : MOMO : looks like $ BFLX gon na start nice bounce : MOMO http : //t.co/lP5thGRd,Positive
378,2012-03-12,"@ EllyElllly Hi , Got KMAG today ... ..it looks ready run .",Positive
379,2012-03-12,RT @ ConcordeTweets : Infinity Bagger : $ ASYI REALLY GETTING ACTION ! : Infinity Bagger http : //t.co/7TReZkAL,Positive
380,2012-03-12,"$ ASYI..162,723,368 O/S http : //t.co/goAbiUKf",Neutral
381,2012-03-12,10-Baggas Factory 10 : 's next 10 bagga 10 baggas ? ? ? ? ? ? ? ? http : //t.co/1qQmDLZc,Neutral
382,2012-03-12,"@ shall1432 Got @ .0014 , volume picking up fast ! ! !",Positive
383,2012-03-11,@ Netoo7 @ izznit1 'll see . Float seems large .,Positive
384,2012-03-11,@ izznit1 got ICTY Wed .,Neutral
385,2012-03-11,"@ izznit1 looking entry KMAG , Mon ... Low float , might go up penny .",Neutral
386,2012-03-09,@ karleggerss JOKE ... LOL,Positive
387,2012-03-09,RT @ BEESFREEInc : SIIX : $ ICTY & gt ; BREAKOUT & lt ; CHART : SIIX http : //t.co/65D8DHoz,Neutral
388,2012-03-09,RT @ TechTrader22 : ALERT ! ! Grass Roots Research may nailing $ FROG price target ( $ 1.38 ) right ! See report : http : //t.co/YjtdQk0c,Positive
389,2012-03-09,@ Netoo7 @ izznit1 Investorshub home page ... check out float .,Neutral
390,2012-03-09,@ Netoo7 @ izznit1 Hey check out SUGO,Neutral
391,2012-03-09,"@ izznit1 snpk took off like rocket afternoon . stay away stocks move quick , lol , check out BFLX scary .",Positive
392,2012-03-09,@ izznit1 Investorshub & couple webs DD ... look companies low floats . TDA n't allow shorting pennies .,Neutral
393,2012-03-09,@ izznit1 Hey 's cool . broker use short penny 's . got GDSM days ago ... @ .002 out @ .03 ... ! ! !,Positive
394,2012-03-08,@ izznit1 Hey check out link right picks u alot better 20 % . GLTA http : //t.co/bmX9kzfq,Positive
395,2012-03-08,RT @ SumBullBuzz : $ LIMO $ FIRE http : //t.co/Tpz7vuxr,Neutral
396,2012-03-08,RT @ boatman07 : $ ICTY consolidating .0019 nicely . multiday play setting up . imho,Positive
397,2012-03-08,RT @ SumBullBuzz : $ LIMO Breaking out sure ! http : //t.co/dQwDXGv6,Positive
398,2012-03-08,RT @ SumBullBuzz : $ LIMO .30s up ! ! ! http : //t.co/McADIA0V,Neutral
399,2012-03-08,RT @ SumBullBuzz : STOCKGOODIES PLAYS WEEK : $ FROG ~ # 1 posted http : //t.co/O9QKIndb,Neutral
400,2012-03-08,RT @ StockGoodies : BB 's Stock : $ FROG big buyers coming http : //t.co/GrSXPYGF,Neutral
401,2012-03-08,RT @ CassieUnderwoo1 : StockO'Holics : mrchipper : $ FROG big buyers coming http : //t.co/2Dg55Q3h,Neutral
402,2012-03-08,RT @ BEESFREEInc : MARKetTIME : $ FROG gon na jump closing imo ... : MARKetTIME http : //t.co/gS0HSClJ,Neutral
403,2012-03-08,RT @ StockGoodies : Liquid Penny Stocks : $ FROG got $ 1.38 price target Grass Roots http : //t.co/IPxkLG0E,Neutral
404,2012-03-08,RT @ RayTownsend2 : BB 's Stock MoMoney4me1 : $ UNDR & $ RTGV Charts lookin good ! ! http : //t.co/4bq64Jao,Positive
405,2012-03-07,RT @ ConcordeTweets : Threeflight : Added $ RTGV .003 break . : Threeflight http : //t.co/JX7lyJxB,Neutral
406,2012-03-07,$ GEAR Trending up ... getting good support move ! ! !,Positive
407,2012-03-06,"RT @ Enagic : RT @ waterhealthokc : SD501 : Affordable , Ionized Kangen Whole Family comes something basic ...",Positive
408,2012-03-06,$ LIMO ... Nice finish today ... start upward trend ! ! !,Positive
409,2012-03-05,$ LIMO ... Setting up nicely ! ! !,Positive
410,2012-03-05,RT @ fastmovingstock : $ LIMO up 18 % trading 27,Neutral
411,2012-03-04,"RT @ PennyStockHaven : Buzz Street : $ GDSM , $ AWSR $ KMAG http : //t.co/kfuOXRXO",Neutral
412,2012-03-04,RT @ ConcordeTweets : Rainer : $ GEAR 're due news soon : Rainer http : //t.co/y4K3k1KJ,Negative
413,2012-03-04,"RT @ BEESFREEInc : hdsstocks : TIM SYKES COMPENSATED $ 100,000 PROMOTING PENNY STOCK ! ! ! ! : hdsstocks http : //t.co/dsieKie4",Neutral
414,2012-03-03,RT @ ConcordeTweets : MOMO : $ HTOG .0008 's fallin : MOMO http : //t.co/G6uOWIuI,Neutral
415,2012-03-03,RT @ InvestorEnergy : stocksonfire : Sign Petition Pattern Day Trader : stocksonfire http : //t.co/SiE2lyOl,Neutral
416,2012-03-03,"RT @ AdolpheCash : ALGARROBO : $ GDSM test 0.05 , week . : ALGARROBO http : //t.co/Ze7zAfjT",Neutral
417,2012-03-02,@ RayTownsend2 Hey broker use shorting penny stocks ? TD Ameritrade want allow short penny stocks .,Neutral
418,2012-03-01,RT @ Enagic : RT @ getalkalized : # Enagic # Kangen : Enagic Machines Produce Authentic Kangen Water Mountlake Terrace - http : //t.co/wE ...,Positive
419,2012-02-29,Strong rebound $ GDSM ... . : ) chart looking good ! ! !,Positive
420,2012-02-29,$ hral SCAM ! ! ! !,Neutral
421,2012-02-29,$ GEAR upgraded buy ! ! !,Neutral
422,2012-02-28,Getting shares $ RTGV,Neutral
423,2012-02-27,$ GDSM going crazy ... WOW,Negative
424,2012-02-27,@ 1PercentStocks Nice call one ... going up ! ! !,Positive
425,2012-02-27,@ i_like_bb_stock ai n't lying ... whats news one .,Neutral
426,2012-02-27,@ Street__Trader kind new one .,Positive
427,2012-02-27,$ GDSM consolidating nicely ... awesome volume today . : ),Positive
428,2012-02-27,$ GDSM running like Bull. ! ! !,Neutral
429,2012-02-25,"Kangen Water ! ! ! u want invest Health , let know , Kangen water healthiest water u drink ! ! !",Neutral
430,2012-02-25,"@ Stocks824 Nice call , got GDSM month ago .",Positive
431,2012-02-24,gdsm monster run ppl get board ! ! !,Neutral
432,2012-02-24,GDSM setting up nicely Monday,Positive
433,2012-02-24,GDSM forming new base @ .02 puppy going run like crazy next week ! ! !,Negative
434,2012-02-24,GDSM running out gate morning ... Awesome open ! ! ! .,Positive
435,2012-02-22,@ Street__Trader SKTO chart looks good . u know float ? got GDSM @ .002 still holding shares ... : ),Positive
436,2012-02-22,GDSM still moving up ! ! ! http : //t.co/aidA53pI,Neutral
437,2012-02-22,@ Drudge_Report Michael Savage rocks ! ! !,Neutral
438,2012-02-22,"LOL , news ... NSRS going wrong direction ! ! !",Negative
439,2012-02-22,GDSM going hit .02 today ! ! !,Neutral
440,2012-02-22,@ RULiquid 'm holding shares ... : ),Positive
441,2012-02-01,"STOCKGOODIES PLAYS WEEK : GET TICKER BLASTED OVER 460,000 http : //t.co/RQZVZAjY",Negative
442,2011-11-19,Let 's play Words Friends . username 'Netcruza ' . http : //t.co/HaCKOokF # GamesWithFriends,Neutral
443,2011-11-19,75 points JUGUM ... .Who 's Next ... .LOL Let 's play Words Friends . username 'Netcruza ' . http : //t.co/HaCKOokF # GamesWithFriends,Neutral
444,2011-11-19,Let 's play Words Friends . username 'Netcruza ' . http : //t.co/HaCKOokF # GamesWithFriends,Neutral
445,2011-11-09,Let 's play Hanging Friends . username 'Net1987 ' . http : //t.co/kHcybvm6 ' # GamesWithFriends,Neutral
446,2011-11-08,Let 's play Words Friends . username 'Netcruza ' . http : //t.co/HaCKOokF # GamesWithFriends,Neutral
447,2011-02-26,net007 http : //flic.kr/p/9kHXwT,Neutral
448,2009-12-13,@ td_jakes amen ! ! !,Neutral
449,2009-12-13,@ ijustine waiting email :,Neutral
450,2009-12-12,@ ijustine love rain . opportunity waste time pc ... lol,Positive
451,2009-12-12,RT @ ijustine : Eating pizza watching office . guys up fri night ?,Neutral
